{"cameraMode":{"drawMode":0,"name":"Shaded","section":"Shading Mode"},"sceneLighting":false,"audioPlay":false,"sceneViewState":{"showFog":false,"showMaterialUpdate":false,"showSkybox":false,"showFlares":false,"showImageEffects":false,"showParticleSystems":false,"showVisualEffectGraphs":true,"m_FxEnabled":true},"in2DMode":false,"pivot":{"x":-5.8197503089904789,"y":-10.777912139892579,"z":11.503007888793946},"rotation":{"x":-0.2490311712026596,"y":0.014814556576311589,"z":-0.003809796180576086,"w":-0.9683752655982971},"size":15.125907897949219,"orthographic":false}